{"mean": [3.742671009771987, 121.80781758957654, 72.22964169381108, 28.71172638436482, 140.47719869706842, 32.35162866449512, 0.4691677524429967, 32.9071661237785], "scale": [3.310564970320029, 30.080654947615013, 12.089421205473117, 8.40505272748747, 88.12911741744672, 6.929868950180097, 0.33657233160174427, 11.494065064569595], "feature_names": ["Pregnancies", "Glucose", "BloodPressure", "SkinThickness", "Insulin", "BMI", "DiabetesPedigreeFunction", "Age"]}